BODEGA,CODIGO,NEW_MAX
173,0000128716,13.0
173,0000135482,12.0
173,29666,12.0
173,0000101880,18.0
173,0000134648,17.0
173,0000101842,21.0
173,0000122765,23.0
173,0000101699,12.0
173,08549,17.0
173,0000135011,16.0
173,05658,12.0
173,0000119133,13.0
173,0000132254,16.0
173,0000119996,14.0
173,0000122885,23.0
173,07289,21.0
173,00424,12.0
173,10863,12.0
173,0000116833,12.0
173,13373,23.0
173,02308,19.0
173,12907,15.0
173,0000123981,12.0
173,16603,12.0
173,0000111555,18.0
173,0000119134,23.0
173,0000130762,23.0
173,02211,13.0
173,06231,12.0
173,04663,12.0
173,12057,12.0
173,0000134848,12.0
173,08235,15.0
173,04499,12.0
173,0000125443,12.0
173,0000116832,12.0
173,0000127096,17.0
173,0000125113,17.0
173,05878,18.0
173,02346,12.0
173,0000123547,12.0
173,0000127010,19.0
173,0000130141,21.0
173,16636,13.0
173,0000123558,3.0
173,0000122979,3.0
173,0000141878,3.0
173,16490,3.0
173,0000111937,3.0
173,12505,3.0
173,04064,3.0
173,0000131356,3.0
173,0000104163,3.0
173,0000101841,3.0
173,0000134878,3.0
173,0000129937,3.0
173,04107,3.0
173,0000132281,3.0
173,0000129816,3.0
173,0000131677,3.0
173,0000115286,3.0
173,0000124092,3.0
173,06143,3.0
173,07489,3.0
173,0000129934,3.0
173,06984,3.0
173,0000103925,3.0
173,13277,3.0
173,07363,3.0
173,12132,3.0
173,0000129873,3.0
173,0000135241,3.0
173,0000120688,3.0
173,0000119797,3.0
173,0000128038,3.0
173,24488,3.0
173,0000133289,3.0
173,0000138031,3.0
173,05722,3.0
173,0000129909,3.0
173,0000130218,3.0
173,0000126756,3.0
173,20037,3.0
173,0000125043,3.0
173,0000122949,3.0
173,0000118629,3.0
173,0000116689,3.0
173,06701,3.0
173,0000140830,3.0
173,04104,3.0
173,0000115444,3.0
173,0000103897,3.0
173,05793,3.0
173,0000118877,3.0
173,05430,3.0
173,0000110416,3.0
173,0000128032,3.0
173,0000119325,3.0
173,0000120655,3.0
173,0000127043,3.0
173,0000117416,3.0
173,0000135372,3.0
173,0000120527,3.0
173,0000121485,3.0
173,0000128947,3.0
173,0000133635,3.0
173,08893,3.0
173,09408,3.0
173,15073,3.0
173,0000127190,3.0
173,0000135201,3.0
173,06852,3.0
173,12337,3.0
173,09984,3.0
173,07214,3.0
173,0000141636,3.0
173,0000137889,3.0
173,0000139746,3.0
173,13619,3.0
173,0000100079,3.0
173,0000136952,3.0
173,13598,3.0
173,00694,3.0
173,0000130856,3.0
173,0000141217,3.0
173,17655,3.0
173,0000134448,3.0
173,0000128710,3.0
173,0000135573,3.0
173,0000128245,3.0
173,0000105073,3.0
173,0000128616,3.0
173,09198,3.0
173,07563,3.0
173,0000136259,3.0
173,09256,3.0
173,0000128108,3.0
173,09123,3.0
173,0000109090,3.0
173,07971,3.0
173,0000134230,3.0
173,0000119882,3.0
173,0000132425,3.0
173,0000114085,3.0
173,0000135525,3.0
173,05135,3.0
173,0000133597,3.0
173,07161,3.0
173,0000133642,3.0
173,13195,3.0
173,11109,3.0
173,0000105569,3.0
173,0000136376,3.0
173,09715,3.0
173,0000135940,3.0
173,04520,3.0
173,0000106794,3.0
173,0000116874,3.0
173,06270,3.0
173,0000120689,3.0
173,08149,3.0
173,09649,3.0
173,08876,3.0
173,0000125137,3.0
173,0000108664,3.0
173,0000126746,3.0
173,20373,3.0
173,13435,3.0
173,14343,3.0
173,0000117152,3.0
173,12313,3.0
173,0000131609,3.0
173,0000107359,3.0
173,0000134153,3.0
173,0000135131,3.0
173,0000108301,3.0
173,0000137886,3.0
173,0000130646,3.0
173,0000130456,3.0
173,0000109077,3.0
173,0000136770,3.0
173,0000116920,3.0
173,0000133060,3.0
173,0000121456,3.0
173,0000113135,3.0
173,0000132361,3.0
173,01303,3.0
173,04418,3.0
173,0000122775,3.0
173,00285,3.0
173,13612,3.0
173,05531,3.0
173,0000123280,3.0
173,07391,3.0
173,0000137006,3.0
173,0000133488,3.0
173,0000135196,3.0
173,0000126507,3.0
173,0000127329,3.0
173,01877,3.0
173,20040,3.0
173,0000123278,3.0
173,0000123564,3.0
173,0000137510,3.0
173,0000124928,3.0
173,0000130555,3.0
173,07448,3.0
173,13579,3.0
173,0000107760,3.0
173,0000128997,3.0
173,01307,3.0
173,20144,3.0
173,09438,3.0
173,0000134592,3.0
173,09920,3.0
173,0000123175,3.0
173,0000131997,3.0
173,0000118304,3.0
173,0000120835,3.0
173,0000128226,3.0
173,06779,3.0
173,0000120444,3.0
173,0000130649,3.0
173,0000119445,3.0
173,06698,3.0
173,10245,3.0
173,28685,3.0
173,01254,3.0
173,0000129560,3.0
173,0000121192,3.0
173,0000124916,3.0
173,0000122183,3.0
173,0000134195,3.0
173,0000132253,3.0
173,0000122777,3.0
173,0000125227,3.0
173,0000136294,3.0
173,0000124621,3.0
173,0000122042,3.0
173,0000136749,3.0
173,0000123694,3.0
173,05787,3.0
173,0000124339,3.0
173,0000104649,3.0
173,0000128901,3.0
173,0000122435,3.0
173,0000109169,3.0
173,0000110878,3.0
173,0000133461,3.0
173,0000124716,3.0
173,0000120031,3.0
173,0000106105,3.0
173,0000114873,3.0
173,0000119798,3.0
173,01880,3.0
173,0000136918,3.0
173,01489,3.0
173,08643,3.0
173,07136,3.0
173,0000128146,3.0
173,0000133459,3.0
173,0000135928,3.0
173,0000136395,3.0
173,04033,3.0
173,11337,3.0
173,0000133068,3.0
173,22972,3.0
173,0000129085,3.0
173,12150,3.0
173,0000123565,3.0
173,0000134508,3.0
173,0000123235,3.0
173,0000130711,3.0
173,12385,3.0
173,09926,3.0
173,0000133010,3.0
173,11976,3.0
173,0000140929,3.0
173,0000122743,3.0
173,05366,3.0
173,0000118872,3.0
173,0000129595,3.0
173,0000135040,3.0
173,0000113526,3.0
173,24580,3.0
173,0000132345,3.0
173,02216,3.0
173,0000136042,3.0
173,0000117998,3.0
173,0000132840,3.0
173,0000116860,3.0
173,0000136335,3.0
173,0000120016,3.0
173,02233,3.0
173,0000139258,3.0
173,0000131616,3.0
173,02276,3.0
173,24376,3.0
173,0000127254,3.0
173,0000118408,3.0
173,0000109089,3.0
173,12786,3.0
173,07002,3.0
173,0000122047,3.0
173,0000104169,3.0
173,0000106054,3.0
173,0000130515,3.0
173,01413,3.0
173,0000131873,3.0
173,0000130460,3.0
173,0000110263,3.0
173,0000133106,3.0
173,0000121781,3.0
173,07018,3.0
173,0000136654,3.0
173,17893,3.0
173,08666,3.0
173,12322,3.0
173,0000129583,3.0
173,0000136758,3.0
173,0000130655,3.0
173,0000106053,3.0
173,13458,3.0
173,0000124375,3.0
173,0000134807,3.0
173,00020,3.0
173,12291,3.0
173,0000123045,3.0
173,0000123997,3.0
173,0000123404,3.0
173,0000109012,3.0
173,15141,3.0
173,15163,3.0
173,0000120032,3.0
173,10617,3.0
173,0000128364,3.0
173,14627,3.0
173,0000125020,3.0
173,0000134198,3.0
173,0000109324,3.0
173,0000129951,3.0
173,0000109326,3.0
173,04985,3.0
173,0000124947,3.0
173,05047,3.0
173,04750,3.0
173,08407,3.0
173,0000123962,3.0
173,0000118452,3.0
173,0000126629,3.0
173,0000140745,3.0
173,0000114635,3.0
173,0000119121,3.0
173,0000103901,3.0
173,0000136900,3.0
173,04502,3.0
173,0000133140,3.0
173,0000100738,3.0
173,0000000003,3.0
173,0000105788,3.0
173,05720,3.0
173,0000135406,3.0
173,0000125148,3.0
173,14527,3.0
173,07292,3.0
173,0000131592,3.0
173,13694,3.0
173,0000133064,3.0
173,0000129081,3.0
173,13269,3.0
173,0000109557,3.0
173,0000141752,3.0
173,0000109099,3.0
173,05238,3.0
173,04500,3.0
173,0000100789,3.0
173,0000134300,3.0
173,09381,3.0
173,0000113133,3.0
173,0000118168,3.0
173,13370,3.0
173,09971,3.0
173,08498,3.0
173,07044,3.0
173,0000115970,3.0
173,0000140952,3.0
173,13457,3.0
173,0000129191,3.0
173,24482,3.0
173,0000135226,3.0
173,0000104099,3.0
173,13894,3.0
173,0000120528,3.0
173,0000136592,3.0
173,0000119256,3.0
173,0000130823,3.0
173,08724,3.0
173,06246,3.0
173,0000119883,3.0
173,13737,3.0
173,0000132541,3.0
173,0000134825,3.0
173,0000104200,3.0
173,0000129190,3.0
173,12126,3.0
173,10397,3.0
173,09698,3.0
173,08010,3.0
173,0000122886,3.0
173,0000127024,3.0
173,0000140982,3.0
173,0000139402,3.0
173,12619,3.0
173,0000128912,3.0
173,0000132429,3.0
173,0000123090,3.0
173,02352,3.0
173,0000123063,3.0
173,0000132792,3.0
173,08955,3.0
173,0000133061,3.0
173,18796,3.0
173,0000140851,3.0
173,0000119204,3.0
173,0000133555,3.0
173,0000137935,3.0
173,0000128194,3.0
173,0000123002,3.0
173,0000109349,3.0
173,11245,3.0
173,0000128730,3.0
173,17461,3.0
173,09718,3.0
173,05949,3.0
173,08223,3.0
173,0000121679,3.0
173,0000136282,3.0
173,04889,3.0
173,0000124374,3.0
173,0000121373,3.0
173,07291,3.0
173,13857,3.0
173,09475,3.0
173,0000131416,3.0
173,0000124620,3.0
173,0000120956,3.0
173,0000104181,3.0
173,0000111554,3.0
173,0000122860,3.0
173,0000133563,3.0
173,02102,3.0
173,05664,3.0
173,0000129617,3.0
173,13142,3.0
173,0000110233,3.0
173,07162,3.0
173,05053,3.0
173,16664,3.0
173,0000101877,3.0
173,0000103872,3.0
173,14082,3.0
173,0000134523,3.0
173,0000128909,3.0
173,18422,3.0
173,0000138516,3.0
173,09645,3.0
173,04244,3.0
173,0000134934,3.0
173,0000128729,3.0
173,0000134166,3.0
173,0000133804,3.0
173,0000115182,3.0
173,0000132950,3.0
173,0000126525,3.0
173,0000120851,3.0
173,0000131581,3.0
173,0000131445,3.0
173,0000127414,3.0
173,0000141263,3.0
173,00698,3.0
173,18814,3.0
173,09823,3.0
173,0000131626,3.0
173,15149,3.0
173,0000117721,3.0
173,0000129936,3.0
173,0000133069,3.0
173,0000119964,3.0
173,0000109327,3.0
173,06729,3.0
173,0000129492,3.0
173,0000132974,3.0
173,02170,3.0
173,05231,3.0
173,0000106480,3.0
173,0000112009,3.0
173,0000137586,3.0
173,0000118718,3.0
173,0000104698,3.0
173,0000121845,3.0
173,0000103924,3.0
173,10301,3.0
173,11603,3.0
173,13703,3.0
173,10811,3.0
173,0000133137,3.0
173,0000116683,3.0
173,0000136318,3.0
173,13264,3.0
173,0000118871,3.0
173,0000109079,3.0
173,0000140849,3.0
173,0000130088,3.0
173,0000129026,3.0
173,0000121948,3.0
173,0000105729,3.0
173,0000113461,3.0
173,22234,3.0
173,0000122763,3.0
173,06190,3.0
173,0000137411,3.0
173,0000119926,3.0
173,13122,3.0
173,0000134632,3.0
173,0000102514,3.0
173,0000135469,3.0
173,0000131932,3.0
173,0000134824,3.0
173,0000131765,3.0
173,0000134464,3.0
173,0000103826,3.0
173,09968,3.0
173,04160,3.0
173,0000111557,3.0
173,0000133929,3.0
173,0000134493,3.0
173,0000128559,3.0
173,0000101872,3.0
173,0000100281,3.0
173,0000115287,3.0
173,0000135755,3.0
173,0000117712,3.0
173,0000109548,3.0
173,04964,3.0
173,02341,3.0
173,0000123988,4.0
173,0000121502,4.0
173,0000133139,4.0
173,0000135913,4.0
173,0000129933,4.0
173,12927,4.0
173,01967,4.0
173,0000128142,4.0
173,09072,4.0
173,0000105482,4.0
173,0000119993,4.0
173,0000132360,4.0
173,0000130373,4.0
173,00403,4.0
173,09466,4.0
173,0000135375,4.0
173,29378,4.0
173,0000135045,4.0
173,10894,4.0
173,0000107939,4.0
173,05402,4.0
173,0000121649,4.0
173,07134,4.0
173,0000129920,4.0
173,0000104681,4.0
173,12156,4.0
173,0000122527,4.0
173,0000107769,4.0
173,0000132428,4.0
173,0000125136,4.0
173,05975,4.0
173,24579,4.0
173,0000141751,4.0
173,0000105072,4.0
173,11108,4.0
173,0000136643,4.0
173,10416,4.0
173,0000130157,4.0
173,08890,4.0
173,10842,4.0
173,13350,4.0
173,04471,4.0
173,04572,4.0
173,0000123551,4.0
173,0000132858,4.0
173,0000101950,4.0
173,05257,4.0
173,0000108033,4.0
173,0000110394,4.0
173,07235,4.0
173,01763,4.0
173,0000113913,4.0
173,0000127280,4.0
173,0000134197,4.0
173,0000106749,4.0
173,14228,4.0
173,0000134941,4.0
173,0000103703,4.0
173,0000127076,4.0
173,0000120317,4.0
173,0000105481,4.0
173,09713,4.0
173,0000108702,4.0
173,0000106336,4.0
173,07951,4.0
173,0000134650,4.0
173,0000102633,4.0
173,0000136196,4.0
173,07973,4.0
173,14299,4.0
173,0000132588,4.0
173,0000123990,4.0
173,12585,4.0
173,0000126340,4.0
173,10425,4.0
173,0000137776,4.0
173,08982,4.0
173,0000135397,4.0
173,0000121652,4.0
173,0000124987,4.0
173,0000105205,4.0
173,0000134362,4.0
173,0000134845,4.0
173,04097,4.0
173,0000104292,4.0
173,08746,4.0
173,0000122947,4.0
173,08604,4.0
173,0000123101,4.0
173,0000128037,4.0
173,0000121822,4.0
173,08726,4.0
173,0000126916,4.0
173,0000118388,4.0
173,13134,4.0
173,0000142309,4.0
173,01201,4.0
173,15514,4.0
173,04098,4.0
173,05380,4.0
173,0000120222,4.0
173,06726,4.0
173,22835,4.0
173,07987,4.0
173,01336,4.0
173,16063,4.0
173,04831,4.0
173,0000109536,4.0
173,0000128406,4.0
173,0000138142,4.0
173,12879,4.0
173,0000131595,4.0
173,0000124513,4.0
173,0000115285,4.0
173,00431,4.0
173,19193,4.0
173,0000126356,4.0
173,0000135520,4.0
173,01424,4.0
173,07436,4.0
173,0000125084,4.0
173,0000135404,4.0
173,00091,4.0
173,0000132116,4.0
173,0000137449,4.0
173,0000128470,4.0
173,0000116993,4.0
173,0000113462,4.0
173,0000117424,4.0
173,07043,4.0
173,19651,4.0
173,0000128973,4.0
173,0000139748,4.0
173,0000129495,4.0
173,0000115672,4.0
173,19803,4.0
173,0000122948,4.0
173,0000100039,4.0
173,12294,4.0
173,0000123014,4.0
173,0000105275,4.0
173,0000135183,4.0
173,0000123823,4.0
173,08095,4.0
173,0000136772,4.0
173,0000111897,4.0
173,0000106614,4.0
173,0000109537,4.0
173,0000133360,4.0
173,0000134998,4.0
173,0000136277,4.0
173,12871,4.0
173,0000100382,4.0
173,0000124963,4.0
173,08877,4.0
173,0000110868,4.0
173,0000102552,4.0
173,13448,4.0
173,0000121650,4.0
173,20109,4.0
173,0000128397,4.0
173,0000120025,4.0
173,0000124506,4.0
173,08673,4.0
173,0000132805,4.0
173,0000128954,4.0
173,0000131554,4.0
173,08541,4.0
173,0000135572,4.0
173,0000102516,4.0
173,0000136372,4.0
173,05256,4.0
173,0000119440,4.0
173,12399,4.0
173,0000124082,4.0
173,15391,4.0
173,10766,4.0
173,0000136423,4.0
173,01204,4.0
173,0000132399,4.0
173,04181,4.0
173,0000124078,4.0
173,04665,4.0
173,0000122508,4.0
173,16637,4.0
173,12502,4.0
173,0000131653,4.0
173,0000128722,4.0
173,0000104204,4.0
173,0000135290,4.0
173,08778,4.0
173,0000122759,4.0
173,0000130665,4.0
173,0000120453,4.0
173,0000113498,4.0
173,0000133030,4.0
173,0000132589,4.0
173,07407,4.0
173,0000136381,4.0
173,0000104178,4.0
173,14603,4.0
173,0000113914,4.0
173,0000106068,4.0
173,0000121858,4.0
173,00266,4.0
173,05951,4.0
173,13936,4.0
173,08488,4.0
173,0000132123,4.0
173,0000136278,4.0
173,0000131577,4.0
173,0000136374,4.0
173,0000133931,4.0
173,0000136283,4.0
173,0000132859,4.0
173,08878,4.0
173,0000122033,4.0
173,0000119841,4.0
173,0000124229,4.0
173,13833,7.0
173,04688,7.0
173,0000123121,7.0
173,0000133335,7.0
173,0000128423,7.0
173,04018,7.0
173,01989,7.0
173,0000112662,7.0
173,01131,7.0
173,0000114468,7.0
173,0000130159,7.0
173,0000113128,7.0
173,05916,7.0
173,0000133052,7.0
173,0000125103,7.0
173,0000133822,7.0
173,08009,7.0
173,0000134289,7.0
173,0000128143,7.0
173,10173,7.0
173,00070,7.0
173,0000122981,7.0
173,0000115392,7.0
173,0000126793,7.0
173,0000116379,7.0
173,08546,7.0
173,0000116830,7.0
173,0000128897,7.0
173,0000132427,7.0
173,0000101899,7.0
173,07243,7.0
173,06878,7.0
173,0000132255,7.0
173,0000106119,7.0
173,10862,7.0
173,0000108961,7.0
173,12996,7.0
173,0000127098,7.0
173,0000130656,7.0
173,08476,7.0
173,13660,7.0
173,0000133291,7.0
173,0000125444,7.0
173,0000118716,7.0
173,0000135754,7.0
173,0000104546,7.0
173,0000136611,7.0
173,04163,7.0
173,0000113045,7.0
173,12287,7.0
173,0000121312,7.0
173,05968,7.0
173,0000128787,7.0
173,07355,7.0
173,12384,7.0
173,12218,7.0
173,12324,7.0
173,0000102068,7.0
173,0000122762,7.0
173,0000124986,7.0
173,12136,7.0
173,0000127097,7.0
173,09073,7.0
173,09082,7.0
173,15212,7.0
173,0000126647,7.0
173,0000124308,7.0
173,0000103871,7.0
173,06162,7.0
173,12079,7.0
173,0000104545,7.0
173,0000133080,7.0
173,0000102515,7.0
173,00585,7.0
173,04791,7.0
173,0000105074,7.0
173,05667,7.0
173,09404,7.0
173,12356,7.0
173,0000116827,7.0
173,0000106107,7.0
173,0000137448,7.0
173,0000122742,7.0
173,0000135521,7.0
173,11975,7.0
173,00589,7.0
173,12908,7.0
173,0000135182,7.0
173,0000109182,7.0
173,0000111896,7.0
173,0000106653,7.0
173,0000139401,7.0
173,0000135664,7.0
173,12408,7.0
173,0000120649,7.0
173,0000130158,7.0
173,0000133173,7.0
173,0000121374,7.0
173,00092,7.0
173,0000113915,7.0
173,0000114048,7.0
173,05666,7.0
173,09809,7.0
173,0000135246,7.0
173,07970,7.0
173,0000134939,7.0
173,0000101820,7.0
173,0000113037,7.0
173,0000120648,7.0
173,0000117019,7.0
173,0000127006,7.0
173,0000116826,7.0
173,09074,7.0
173,0000128946,7.0
173,05399,7.0
173,0000119273,7.0
173,0000131905,7.0
173,0000131824,7.0
173,0000127369,7.0
173,05032,7.0
173,04378,6.0
173,0000126749,6.0
173,00571,6.0
173,0000132426,6.0
173,01881,6.0
173,0000134935,6.0
173,0000102469,6.0
173,0000129532,6.0
173,04203,6.0
173,0000135774,6.0
173,09257,6.0
173,06086,6.0
173,0000134672,6.0
173,10468,6.0
173,10436,6.0
173,16586,6.0
173,05154,6.0
173,0000123552,6.0
173,0000120514,6.0
173,0000116213,6.0
173,01256,6.0
173,13389,6.0
173,08267,6.0
173,01720,6.0
173,0000132994,6.0
173,0000130138,6.0
173,0000133686,6.0
173,0000137294,6.0
173,0000123943,6.0
173,00659,6.0
173,08895,6.0
173,12003,6.0
173,0000137772,6.0
173,0000134649,6.0
173,12432,6.0
173,0000137336,6.0
173,01530,6.0
173,0000122096,6.0
173,0000112182,6.0
173,0000136714,6.0
173,0000103622,6.0
173,13745,5.0
173,0000104221,5.0
173,0000129938,5.0
173,0000116212,5.0
173,13863,5.0
173,0000135522,5.0
173,12134,5.0
173,07434,5.0
173,12217,5.0
173,0000119900,5.0
173,0000136285,5.0
173,0000121250,5.0
173,0000134832,5.0
173,06218,5.0
173,05393,5.0
173,0000135810,5.0
173,07371,5.0
173,00276,5.0
173,06678,5.0
173,13502,5.0
173,0000106237,5.0
173,04072,5.0
173,0000106116,5.0
173,12077,5.0
173,12471,5.0
173,05417,5.0
173,0000116829,5.0
173,0000124296,5.0
173,13860,5.0
173,0000100304,5.0
173,07189,5.0
173,0000122184,5.0
173,09137,5.0
173,0000105160,5.0
173,0000135395,5.0
173,0000130133,5.0
173,02033,5.0
173,09618,5.0
173,05134,5.0
173,10239,5.0
173,18423,5.0
173,0000135574,5.0
173,06697,5.0
173,28870,5.0
173,0000129277,5.0
173,04720,5.0
173,00072,5.0
173,0000123384,5.0
173,0000141877,5.0
173,0000130974,5.0
173,13557,5.0
173,05411,5.0
173,02187,5.0
173,0000131983,5.0
173,0000124083,5.0
173,0000120989,5.0
173,0000114072,5.0
173,05751,5.0
173,09831,5.0
173,0000136276,5.0
173,0000110336,2.0
173,0000124583,2.0
173,0000101887,2.0
173,0000124358,2.0
173,0000131428,2.0
173,0000134196,3.0
173,0000111260,2.0
173,0000121789,2.0
173,0000136279,2.0
173,0000142035,2.0
173,13994,2.0
173,23557,2.0
173,0000115909,3.0
173,0000131365,2.0
173,0000134366,2.0
173,01883,2.0
173,09380,2.0
173,12484,2.0
173,13755,2.0
173,0000123128,2.0
173,0000124357,2.0
173,0000131823,2.0
173,0000138196,2.0
173,08903,3.0
173,24374,2.0
173,0000127281,2.0
173,0000129531,2.0
173,0000131618,2.0
173,0000139360,2.0
173,0000113863,3.0
173,0000116701,2.0
173,24410,2.0
173,0000124689,2.0
173,0000126542,2.0
173,0000137887,2.0
173,04740,2.0
173,14465,2.0
173,0000139326,2.0
173,05304,2.0
173,08031,2.0
173,12107,2.0
173,19158,3.0
173,23324,2.0
173,0000103738,2.0
173,0000129911,2.0
173,0000131110,2.0
173,01308,2.0
173,06528,2.0
173,08781,2.0
173,12070,2.0
173,0000133356,3.0
173,0000136768,2.0
173,0000137774,2.0
173,0000139187,2.0
173,16979,2.0
173,0000113005,2.0
173,0000120955,2.0
173,00572,2.0
173,12480,2.0
173,30523,2.0
173,0000102043,2.0
173,0000128913,2.0
173,0000130616,2.0
173,0000131357,2.0
173,0000131984,3.0
173,0000139344,2.0
173,02344,3.0
173,0000109573,3.0
173,0000123952,2.0
173,0000129976,2.0
173,0000136422,2.0
173,0000138057,2.0
173,09138,3.0
173,0000115374,2.0
173,0000131417,2.0
173,12241,2.0
173,0000103755,2.0
173,0000121194,2.0
173,0000135414,2.0
173,0000136041,2.0
173,0000103784,2.0
173,0000117710,3.0
173,0000122741,2.0
173,0000132803,2.0
173,09078,2.0
173,0000137046,2.0
173,0000138536,2.0
173,0000122848,2.0
173,0000126618,2.0
173,0000128225,2.0
173,0000131115,2.0
173,0000131425,2.0
173,0000132248,2.0
173,0000135874,2.0
173,00944,2.0
173,01723,2.0
173,20346,2.0
173,0000111034,3.0
173,0000111117,2.0
173,0000124034,2.0
173,0000137172,2.0
173,10860,3.0
173,0000110396,2.0
173,0000117713,2.0
173,0000104101,2.0
173,0000117843,2.0
173,0000123016,2.0
173,0000128195,2.0
173,0000130461,2.0
173,0000133810,2.0
173,0000136206,2.0
173,0000136979,2.0
173,05744,2.0
173,10945,2.0
173,12387,2.0
173,15194,2.0
173,0000115411,2.0
173,0000120043,2.0
173,0000131168,2.0
173,0000139327,2.0
173,0000114087,2.0
173,0000122745,2.0
173,0000139332,2.0
173,10923,2.0
173,0000114052,3.0
173,0000128898,2.0
173,0000134827,2.0
173,0000136017,2.0
173,13893,2.0
173,0000114637,2.0
173,0000130663,2.0
173,0000137883,2.0
173,0000114674,2.0
173,0000104183,2.0
173,0000112591,2.0
173,0000139238,2.0
173,05428,2.0
173,12700,2.0
173,0000111116,2.0
173,0000137947,2.0
173,0000107709,2.0
173,0000122969,2.0
173,0000135990,2.0
173,0000136697,2.0
173,04760,2.0
173,05173,2.0
173,0000108751,2.0
173,0000115067,2.0
173,0000124106,3.0
173,0000134447,2.0
173,04376,2.0
173,0000100306,2.0
173,0000115413,2.0
173,0000120013,2.0
173,0000125193,2.0
173,0000129594,2.0
173,0000132666,2.0
173,0000141277,2.0
173,09492,2.0
173,09710,2.0
173,0000100790,2.0
173,05275,2.0
173,0000103923,2.0
173,0000106481,2.0
173,0000108800,2.0
173,0000111407,2.0
173,0000120664,2.0
173,0000121683,2.0
173,0000126615,3.0
173,0000136541,2.0
173,0000137964,2.0
173,14742,2.0
173,14775,2.0
173,0000120518,2.0
173,06233,2.0
173,08720,2.0
173,0000105574,3.0
173,0000124604,2.0
173,0000125034,3.0
173,0000132968,2.0
173,0000136767,2.0
173,0000129182,2.0
173,01874,2.0
173,05052,2.0
173,0000104167,2.0
173,0000113439,2.0
173,0000129000,2.0
173,0000141459,2.0
173,0000123947,2.0
173,0000124484,2.0
173,0000135240,2.0
173,01879,3.0
173,07377,2.0
173,0000121785,2.0
173,12457,2.0
173,17861,2.0
173,0000133408,2.0
173,0000140823,2.0
173,10356,2.0
173,0000123225,3.0
173,0000123646,2.0
173,0000129650,2.0
173,0000133805,2.0
173,0000141460,2.0
173,01104,2.0
173,08577,3.0
173,19568,2.0
173,0000119109,2.0
173,0000131717,2.0
173,0000134843,2.0
173,0000136693,3.0
173,0000137934,2.0
173,02345,2.0
173,12549,2.0
173,24564,2.0
173,0000128106,2.0
173,02201,2.0
173,12573,2.0
173,00938,2.0
173,02007,2.0
173,0000118099,2.0
173,0000124295,2.0
173,0000142237,2.0
173,06422,2.0
173,08513,2.0
173,08847,2.0
173,12799,2.0
173,23534,2.0
173,0000134479,2.0
173,0000135904,2.0
173,0000141426,2.0
173,07009,2.0
173,09830,2.0
173,15581,2.0
173,0000102113,2.0
173,0000120852,2.0
173,0000130048,2.0
173,0000136473,2.0
173,0000141667,2.0
173,04212,2.0
173,11851,2.0
173,19381,2.0
173,0000131553,2.0
173,0000139322,2.0
173,05371,2.0
173,07170,3.0
173,29398,2.0
173,0000121945,2.0
173,0000131184,2.0
173,0000135663,2.0
173,0000120645,2.0
173,0000130826,2.0
173,0000132066,2.0
173,0000136373,2.0
173,0000142045,2.0
173,15542,2.0
173,0000103783,2.0
173,0000116300,2.0
173,0000124500,2.0
173,0000128165,2.0
173,0000130657,2.0
173,0000132400,3.0
173,0000135261,2.0
173,0000137383,2.0
173,0000142235,2.0
173,04919,2.0
173,0000114469,2.0
173,0000134288,2.0
173,0000135396,2.0
173,0000142245,2.0
173,02169,2.0
173,05910,2.0
173,12133,2.0
173,17430,2.0
173,0000123559,2.0
173,0000133117,2.0
173,00407,2.0
173,05648,2.0
173,0000101386,2.0
173,0000115788,2.0
173,0000129974,2.0
173,0000130107,3.0
173,05573,3.0
173,0000106603,2.0
173,0000118003,2.0
173,0000129919,3.0
173,04419,2.0
173,09491,2.0
173,10378,2.0
173,16133,2.0
173,0000107358,2.0
173,0000121106,2.0
173,0000121689,2.0
173,0000126649,2.0
173,0000131022,2.0
173,10183,2.0
173,13351,2.0
173,06049,3.0
173,0000105573,3.0
173,0000105931,2.0
173,0000127042,2.0
173,0000131555,2.0
173,0000133464,3.0
173,07207,2.0
173,0000104100,2.0
173,0000120494,2.0
173,0000128613,2.0
173,0000135014,2.0
173,0000116862,2.0
173,0000134826,2.0
173,07969,2.0
173,10193,2.0
173,11520,2.0
173,12595,3.0
173,0000106069,2.0
173,0000123324,2.0
173,0000141650,2.0
173,02295,2.0
173,04544,2.0
173,08745,3.0
173,0000105217,2.0
173,0000112245,2.0
173,0000123630,2.0
173,0000135511,2.0
173,06901,2.0
173,0000115302,2.0
173,0000121538,2.0
173,0000128884,2.0
173,0000136018,2.0
173,09289,2.0
173,0000106602,3.0
173,0000130882,2.0
173,0000135232,2.0
173,0000105798,2.0
173,0000120657,2.0
173,0000134875,3.0
173,0000137450,2.0
173,0000105049,2.0
173,0000109549,2.0
173,0000134400,2.0
173,0000137173,2.0
173,0000137376,2.0
173,0000106020,2.0
173,0000112272,3.0
173,0000114240,2.0
173,0000122043,2.0
173,0000128252,2.0
173,0000131239,2.0
173,0000136362,2.0
173,0000136661,2.0
173,0000141584,2.0
173,07437,2.0
173,15110,3.0
173,0000109078,2.0
173,0000114675,2.0
173,0000136052,2.0
173,10502,2.0
173,0000129597,2.0
173,0000130660,2.0
173,0000131576,2.0
173,0000134823,2.0
173,0000103827,3.0
173,0000110131,2.0
173,0000122430,2.0
173,0000130576,2.0
173,0000133230,2.0
173,05682,2.0
173,0000111869,2.0
173,0000114054,2.0
173,0000128588,2.0
173,0000139501,2.0
173,0000106082,2.0
173,0000135917,2.0
173,00943,2.0
173,0000109336,2.0
173,0000123075,2.0
173,0000124582,2.0
173,0000124929,2.0
173,0000135720,3.0
173,0000136656,2.0
173,0000138032,2.0
173,0000112712,2.0
173,0000121537,2.0
173,0000135952,2.0
173,0000136156,2.0
173,0000141407,2.0
173,0000111118,2.0
173,0000133070,2.0
173,0000135247,2.0
173,0000136291,2.0
173,04155,2.0
173,08222,2.0
173,0000121064,2.0
173,0000121834,2.0
173,0000132335,2.0
173,12482,2.0
173,17766,3.0
173,22008,2.0
173,0000105755,2.0
173,0000111023,2.0
173,0000130091,2.0
173,0000132721,2.0
173,0000139404,2.0
173,12172,2.0
173,0000118482,2.0
173,0000123402,2.0
173,0000129175,2.0
173,0000130684,2.0
173,0000133930,2.0
173,0000111565,2.0
173,0000122761,2.0
173,08007,2.0
173,12317,2.0
173,0000128906,2.0
173,0000104164,3.0
173,0000105116,2.0
173,0000114669,2.0
173,0000126634,2.0
173,0000128436,2.0
173,0000128996,2.0
173,0000131627,3.0
173,09904,2.0
173,0000106633,2.0
173,0000109568,2.0
173,0000121776,2.0
173,0000126643,2.0
173,00598,3.0
173,0000109080,2.0
173,0000141233,2.0
173,0000141427,2.0
173,0000142148,2.0
173,01203,2.0
173,0000101913,2.0
173,0000109095,3.0
173,0000111706,2.0
173,0000123222,2.0
173,0000103754,2.0
173,0000106831,2.0
173,0000108753,2.0
173,0000120489,2.0
173,0000130153,2.0
173,07139,2.0
173,0000117137,3.0
173,0000121032,2.0
173,08619,2.0
173,0000116389,2.0
173,0000124033,2.0
173,0000129912,2.0
173,0000140760,2.0
173,01109,2.0
173,0000128578,2.0
173,0000130463,2.0
173,02347,3.0
173,09910,2.0
173,12985,2.0
173,15497,2.0
173,0000100720,2.0
173,0000124220,2.0
173,0000141829,2.0
173,0000123046,2.0
173,0000105070,3.0
173,0000134940,3.0
173,0000138347,2.0
173,0000141062,2.0
173,14668,2.0
173,0000111035,2.0
173,0000135416,2.0
173,0000136393,2.0
173,12090,2.0
173,0000119995,3.0
173,0000123967,2.0
173,00247,2.0
173,0000105512,2.0
173,0000117995,2.0
173,0000135255,2.0
173,0000101883,2.0
173,0000106596,2.0
173,0000129181,2.0
173,0000137357,2.0
173,0000128611,3.0
173,0000139264,2.0
173,09405,2.0
173,12311,2.0
173,0000118423,2.0
173,0000118626,2.0
173,0000135488,2.0
173,13947,2.0
173,0000102045,2.0
173,0000124514,2.0
173,0000142150,2.0
173,14744,2.0
173,0000115415,2.0
173,0000128614,2.0
173,0000130675,2.0
173,0000134420,2.0
173,0000141676,2.0
173,0000120499,2.0
173,0000120979,2.0
173,0000122493,2.0
173,0000123453,2.0
173,0000128783,2.0
173,0000132951,2.0
173,0000133260,3.0
173,0000136716,2.0
173,0000100642,2.0
173,0000112198,2.0
173,0000120473,2.0
173,0000135394,3.0
173,0000138197,2.0
173,04082,2.0
173,04717,2.0
173,0000127025,2.0
173,0000130406,2.0
173,00185,2.0
173,02157,2.0
173,0000107283,2.0
173,0000122891,2.0
173,0000125085,3.0
173,05782,2.0
173,08959,2.0
173,09916,2.0
173,13576,2.0
173,0000100895,2.0
173,0000116464,2.0
173,0000132432,2.0
173,0000139359,2.0
173,0000104220,2.0
173,0000107968,2.0
173,0000111866,2.0
173,0000112841,2.0
173,0000135911,2.0
173,0000137305,2.0
173,02134,2.0
173,05212,2.0
173,12279,2.0
173,0000103679,2.0
173,0000108390,2.0
173,0000111894,2.0
173,0000120148,2.0
173,00763,2.0
173,0000135927,3.0
173,05645,2.0
173,06278,2.0
173,09142,2.0
173,09788,3.0
173,04435,2.0
173,12832,2.0
173,0000132861,2.0
173,0000136458,2.0
173,0000137058,2.0
173,01208,2.0
173,05775,2.0
173,09058,2.0
173,0000117414,2.0
173,0000131350,2.0
173,0000134932,2.0
173,0000135194,2.0
173,0000136375,2.0
173,05259,2.0
173,13843,2.0
173,24218,3.0
173,0000123325,3.0
173,0000127077,2.0
173,0000132290,2.0
173,0000136966,2.0
173,09702,2.0
173,10476,2.0
173,0000111707,2.0
173,0000135266,2.0
173,0000136748,2.0
173,0000137437,2.0
173,0000141753,2.0
173,05381,2.0
173,0000111426,2.0
173,0000123522,2.0
173,0000134496,2.0
173,0000139607,2.0
173,16732,2.0
173,23325,2.0
173,0000123286,2.0
173,0000126405,2.0
173,0000136752,2.0
173,29592,2.0
173,0000114020,3.0
173,0000121073,3.0
173,0000141637,2.0
173,0000141935,2.0
173,0000102510,2.0
173,0000110094,3.0
173,0000137630,2.0
173,0000132853,2.0
173,0000134893,2.0
173,0000118878,2.0
173,15165,3.0
173,0000123403,2.0
173,0000125258,2.0
173,0000128560,2.0
173,08225,2.0
173,17662,2.0
173,0000106115,3.0
173,0000135309,2.0
173,0000138379,2.0
173,0000139324,2.0
173,05668,3.0
173,0000111026,2.0
173,0000113114,2.0
173,0000116994,2.0
173,0000123013,2.0
173,0000132870,2.0
173,0000141649,2.0
173,0000124614,3.0
173,0000134633,2.0
173,0000136177,2.0
173,09714,2.0
173,0000116289,2.0
173,0000116462,2.0
173,0000127973,2.0
173,0000136941,2.0
173,15168,2.0
173,0000108041,2.0
173,0000110234,2.0
173,0000106120,2.0
173,0000121674,2.0
173,0000128610,2.0
173,0000134356,2.0
173,12594,2.0
173,0000109085,2.0
173,0000121109,2.0
173,0000125033,2.0
173,0000128066,3.0
173,0000137933,2.0
173,0000139306,2.0
173,23294,3.0
173,0000133277,2.0
173,09987,2.0
173,12455,2.0
173,15834,3.0
173,21254,2.0
173,0000123991,2.0
173,0000142192,2.0
173,08228,2.0
173,0000118974,2.0
173,0000132359,2.0
173,0000134895,2.0
173,13449,2.0
173,0000124962,3.0
173,0000127194,2.0
173,04786,2.0
173,06023,2.0
173,0000115838,3.0
173,0000123549,2.0
173,0000125105,2.0
173,0000131355,2.0
173,09558,2.0
173,16467,2.0
173,29629,2.0
173,0000115323,2.0
173,0000116466,2.0
173,0000135403,2.0
173,0000135747,2.0
173,01773,2.0
173,0000106778,2.0
173,00992,2.0
173,05236,2.0
173,05921,2.0
173,0000135483,2.0
173,0000138195,2.0
173,0000142043,2.0
173,02107,2.0
173,12019,2.0
173,18806,2.0
173,0000133072,2.0
173,0000134468,2.0
173,0000134519,2.0
173,0000135984,2.0
173,08992,2.0
173,09054,2.0
173,12360,2.0
173,0000115289,3.0
173,0000130554,2.0
173,01481,2.0
173,02329,2.0
173,0000128080,2.0
173,0000128761,2.0
173,0000129634,2.0
173,05391,2.0
173,07212,2.0
173,13563,2.0
173,13781,2.0
173,0000122642,2.0
173,0000132914,2.0
173,0000137931,2.0
173,0000138132,2.0
173,0000140648,2.0
173,09391,2.0
173,0000106018,2.0
173,0000124003,2.0
173,0000125257,2.0
173,0000134422,2.0
173,11706,2.0
173,0000117288,2.0
173,0000129475,2.0
173,0000134861,2.0
173,0000137310,2.0
173,0000124966,2.0
173,0000135096,2.0
173,0000135257,2.0
173,0000139526,2.0
173,0000107284,2.0
173,0000139343,2.0
173,0000107311,2.0
173,0000126394,2.0
173,0000131158,2.0
173,0000134944,2.0
173,0000135386,2.0
173,05719,2.0
173,10295,2.0
173,0000139330,2.0
173,0000108394,2.0
173,0000112170,2.0
173,10749,2.0
173,19705,2.0
173,0000118422,2.0
173,0000121323,2.0
173,0000126648,2.0
173,0000128763,2.0
173,0000127360,2.0
173,0000129010,2.0
173,0000129507,2.0
173,0000132247,2.0
173,0000135647,2.0
173,0000137373,2.0
173,0000137784,3.0
173,16691,2.0
173,0000128091,2.0
173,0000130661,2.0
173,0000131318,2.0
173,0000100334,2.0
173,0000117159,2.0
173,0000120360,2.0
173,0000137957,2.0
173,09122,2.0
173,11616,2.0
173,0000135816,2.0
173,0000138225,2.0
173,13648,2.0
173,0000135215,3.0
173,0000141954,2.0
173,05342,3.0
173,09178,2.0
173,0000122617,2.0
173,0000122970,2.0
173,0000123941,2.0
173,0000130577,2.0
173,0000132378,2.0
173,0000133286,2.0
173,0000135146,2.0
173,0000141630,2.0
173,04427,2.0
173,12397,2.0
173,0000106878,2.0
173,0000114301,2.0
173,0000130728,3.0
173,0000131557,2.0
173,02256,2.0
173,12513,2.0
173,00596,2.0
173,0000109147,2.0
173,0000115662,2.0
173,13162,2.0
173,0000118923,2.0
173,0000130024,2.0
173,0000123001,2.0
173,0000129918,2.0
173,05826,2.0
173,0000112197,2.0
173,0000121682,3.0
173,0000139239,2.0
173,0000117671,2.0
173,0000127381,2.0
173,0000130854,3.0
173,0000112711,2.0
173,0000117714,2.0
173,07164,2.0
173,0000100788,2.0
173,0000111408,2.0
173,0000120663,2.0
173,0000124342,2.0
173,0000128981,2.0
173,0000130507,2.0
173,0000130862,2.0
173,0000131138,2.0
173,05950,2.0
173,09446,3.0
173,0000116030,2.0
173,0000124385,2.0
173,0000129176,2.0
173,0000137412,2.0
173,0000139544,2.0
173,0000141026,2.0
173,04442,2.0
173,09629,3.0
173,10981,2.0
173,04179,2.0
173,0000118623,2.0
173,0000133646,2.0
173,0000134474,2.0
173,0000135393,2.0
173,0000142236,2.0
173,04154,2.0
173,06075,2.0
173,12310,2.0
173,15108,2.0
173,15544,2.0
173,0000108326,2.0
173,0000135972,2.0
173,0000135373,2.0
173,0000138404,2.0
173,06096,2.0
173,17782,3.0
173,0000138430,2.0
173,13822,2.0
173,0000133050,3.0
173,0000135487,2.0
173,0000137266,2.0
173,07550,2.0
173,07579,2.0
173,09703,2.0
173,0000109081,2.0
173,0000111705,2.0
173,0000122428,2.0
173,0000124990,2.0
173,0000100693,2.0
173,0000110872,2.0
173,0000131215,2.0
173,0000133051,2.0
173,0000136641,2.0
173,05679,3.0
173,06074,2.0
173,06322,2.0
173,09999,2.0
173,08622,2.0
173,13375,2.0
173,0000118722,2.0
173,0000130405,2.0
173,0000133622,2.0
173,0000138285,2.0
173,0000138739,3.0
173,11360,2.0
173,0000121379,2.0
173,0000124356,2.0
173,00294,2.0
173,01718,2.0
173,0000100305,2.0
173,0000130523,2.0
173,0000135264,2.0
173,28588,2.0
173,13518,2.0
173,14561,3.0
173,14633,2.0
173,0000139484,2.0
173,0000128714,2.0
173,0000139214,2.0
173,0000141867,2.0
173,0000141970,2.0
173,18934,2.0
173,0000130704,2.0
173,0000134799,2.0
173,0000135765,3.0
173,0000139366,2.0
173,04065,2.0
173,09585,2.0
173,15218,2.0
173,0000106455,2.0
173,0000111349,2.0
173,0000118558,2.0
173,0000127088,2.0
173,0000130075,2.0
173,0000137773,2.0
173,0000140931,2.0
173,09539,2.0
173,12341,2.0
173,12991,2.0
173,0000110144,2.0
173,0000119485,2.0
173,0000122999,2.0
173,0000104677,2.0
173,0000126818,2.0
173,0000129652,2.0
173,0000131556,2.0
173,02188,2.0
173,04521,2.0
173,06147,2.0
173,13480,2.0
173,23970,2.0
173,0000104679,2.0
173,0000137986,2.0
173,0000123088,2.0
173,0000133904,2.0
173,0000135358,2.0
173,0000136633,2.0
173,0000139177,2.0
173,0000105797,3.0
173,0000116301,2.0
173,0000123945,2.0
173,0000126764,2.0
173,0000128099,2.0
173,0000129041,2.0
173,0000135654,3.0
173,0000140698,2.0
173,20371,2.0
173,0000133020,2.0
173,17197,2.0
173,0000106106,2.0
173,0000141428,3.0
173,08218,2.0
173,12336,2.0
173,15157,2.0
173,19209,2.0
173,0000129644,2.0
173,0000130658,2.0
173,0000142042,2.0
173,11342,3.0
173,23314,2.0
173,0000105274,3.0
173,0000111427,3.0
173,0000118918,2.0
173,0000127056,2.0
173,10475,2.0
173,0000123022,2.0
173,0000123300,2.0
173,0000128093,3.0
173,0000128227,2.0
173,0000130767,2.0
173,0000134866,2.0
173,0000141076,3.0
173,01575,2.0
173,14741,2.0
173,0000111324,2.0
173,0000124232,2.0
173,00696,2.0
173,13799,2.0
173,15545,2.0
173,0000118506,2.0
173,0000123984,3.0
173,0000133067,3.0
173,0000140785,2.0
173,0000140829,2.0
173,05290,2.0
173,08393,2.0
173,0000127233,2.0
173,0000137393,2.0
173,07045,3.0
173,07950,2.0
173,0000114214,2.0
173,02148,2.0
173,12398,2.0
161,0000134493,3.0
161,0000138493,3.0
161,06733,4.0
161,09074,4.0
161,0000108301,4.0
161,0000126648,3.0
161,06927,3.0
161,12324,5.0
161,16636,8.0
161,0000122885,8.0
161,01530,8.0
161,05951,5.0
161,12513,4.0
161,09381,4.0
161,13857,4.0
161,0000110868,3.0
161,0000129495,3.0
161,17662,3.0
161,0000000003,3.0
161,0000120648,5.0
161,0000129933,3.0
161,05020,4.0
161,08223,3.0
161,10239,5.0
161,0000100034,3.0
161,11109,3.0
161,0000119926,4.0
161,0000129951,8.0
161,05052,3.0
161,0000105275,5.0
161,0000107766,4.0
161,0000109177,3.0
161,0000122790,4.0
161,0000123300,4.0
161,24482,3.0
161,0000127098,4.0
161,0000128954,6.0
161,0000137412,3.0
161,0000105074,3.0
161,0000138189,4.0
161,0000114020,3.0
161,0000130647,3.0
161,08876,5.0
161,0000136758,4.0
161,0000119204,3.0
161,0000121516,3.0
161,0000133597,4.0
161,0000134935,3.0
161,0000135572,3.0
161,08591,3.0
161,19803,4.0
161,0000130218,3.0
161,10378,6.0
161,11342,3.0
161,24488,4.0
161,0000112198,3.0
161,0000119273,3.0
161,0000120649,7.0
161,0000130373,3.0
161,0000133356,3.0
161,09054,4.0
161,12126,3.0
161,12360,6.0
161,0000106053,4.0
161,0000128032,3.0
161,04791,4.0
161,07009,8.0
161,0000110394,4.0
161,0000126801,4.0
161,0000130646,3.0
161,0000135182,3.0
161,07292,4.0
161,09123,4.0
161,11108,3.0
161,12399,4.0
161,0000114048,8.0
161,0000125303,3.0
161,0000127190,5.0
161,02225,3.0
161,0000106237,8.0
161,0000126608,3.0
161,0000130461,4.0
161,0000132859,6.0
161,09859,6.0
161,0000109548,5.0
161,08546,8.0
161,12985,3.0
161,04203,8.0
161,13833,8.0
161,14082,3.0
161,0000112662,5.0
161,0000116832,8.0
161,0000121948,3.0
161,0000129909,3.0
161,0000137006,3.0
161,04418,4.0
161,11976,5.0
161,17655,3.0
161,0000111026,3.0
161,0000129816,4.0
161,0000136900,3.0
161,12337,4.0
161,12585,3.0
161,00659,8.0
161,0000124986,4.0
161,0000129937,3.0
161,04964,3.0
161,10263,4.0
161,0000127056,4.0
161,12048,3.0
161,20109,4.0
161,0000121373,3.0
161,0000127096,8.0
161,0000131554,8.0
161,13834,3.0
161,00185,3.0
161,00698,4.0
161,0000106068,3.0
161,0000119440,4.0
161,0000122508,7.0
161,0000128093,3.0
161,0000130157,3.0
161,0000136692,3.0
161,0000135482,8.0
161,00942,3.0
161,0000114087,4.0
161,0000123551,3.0
161,0000128707,4.0
161,24141,3.0
161,29666,3.0
161,0000124078,7.0
161,0000125148,4.0
161,0000129277,8.0
161,01204,5.0
161,08147,8.0
161,0000101848,4.0
161,0000130642,3.0
161,09920,8.0
161,0000105217,3.0
161,0000128589,4.0
161,0000132541,3.0
161,07243,3.0
161,0000105072,4.0
161,0000128066,3.0
161,0000130655,7.0
161,0000135201,5.0
161,09404,8.0
161,15073,4.0
161,0000124308,8.0
161,0000126749,5.0
161,06389,4.0
161,12554,4.0
161,0000103622,8.0
161,06102,3.0
161,10425,4.0
161,16637,3.0
161,0000119841,5.0
161,0000129847,4.0
161,0000135940,4.0
161,04378,4.0
161,13448,3.0
161,0000128947,3.0
161,01710,6.0
161,0000106052,4.0
161,0000120989,3.0
161,09383,3.0
161,0000104099,3.0
161,0000122430,4.0
161,0000130455,3.0
161,0000132123,7.0
161,0000113439,3.0
161,0000121312,6.0
161,0000131595,4.0
161,05381,5.0
161,10862,5.0
161,24218,4.0
161,0000101386,3.0
161,0000111427,3.0
161,0000135395,7.0
161,05787,3.0
161,0000124928,5.0
161,11245,8.0
161,0000109169,3.0
161,0000125444,3.0
161,0000128143,4.0
161,0000130704,5.0
161,0000133335,8.0
161,0000134807,4.0
161,07214,3.0
161,0000102068,7.0
161,0000102633,3.0
161,01719,4.0
161,12218,4.0
161,12294,3.0
161,20144,7.0
161,0000106653,4.0
161,0000136611,3.0
161,06086,6.0
161,09073,3.0
161,13843,3.0
161,0000123565,5.0
161,09391,3.0
161,0000112009,3.0
161,0000114635,5.0
161,0000120688,4.0
161,0000130974,4.0
161,04665,4.0
161,01709,4.0
161,04572,8.0
161,08955,3.0
161,0000101913,8.0
161,0000128946,8.0
161,02170,3.0
161,04500,4.0
161,05751,6.0
161,0000135011,8.0
161,10305,4.0
161,13277,3.0
161,0000128912,8.0
161,10811,4.0
161,0000116301,5.0
161,00070,6.0
161,0000133360,4.0
161,0000133929,4.0
161,09852,6.0
161,04244,5.0
161,12408,4.0
161,29378,8.0
161,0000104292,8.0
161,0000126340,6.0
161,0000128146,6.0
161,0000132359,3.0
161,0000133687,3.0
161,09122,3.0
161,13638,3.0
161,0000129176,3.0
161,0000136196,4.0
161,12996,8.0
161,15212,4.0
161,0000135184,4.0
161,0000136714,4.0
161,05826,4.0
161,24271,3.0
161,0000136372,4.0
161,04419,3.0
161,12799,7.0
161,0000112711,8.0
161,0000128108,5.0
161,08476,4.0
161,0000140268,3.0
161,0000141751,4.0
161,01131,4.0
161,06078,8.0
161,06162,4.0
161,13442,3.0
161,0000124374,3.0
161,05234,3.0
161,05968,7.0
161,08221,3.0
161,0000110666,4.0
161,0000127006,8.0
161,0000129633,3.0
161,0000126534,7.0
161,0000128038,3.0
161,00571,4.0
161,06231,8.0
161,0000104649,3.0
161,0000134650,3.0
161,0000118408,3.0
161,0000128142,4.0
161,0000128787,8.0
161,0000133686,5.0
161,24140,5.0
161,0000122185,3.0
161,02187,3.0
161,06984,3.0
161,08619,3.0
161,12057,8.0
161,0000122184,4.0
161,0000130980,3.0
161,0000135810,4.0
161,09585,3.0
161,0000131553,4.0
161,08407,4.0
161,0000114085,3.0
161,0000116833,8.0
161,07161,3.0
161,12471,3.0
161,0000101950,8.0
161,0000130456,8.0
161,00276,5.0
161,05380,4.0
161,0000100693,4.0
161,10863,8.0
161,14744,3.0
161,0000105274,3.0
161,0000129597,6.0
161,0000132111,4.0
161,05916,4.0
161,0000132588,5.0
161,05379,4.0
161,12384,8.0
161,0000130159,4.0
161,10860,4.0
161,0000121502,4.0
161,0000137305,4.0
161,13457,3.0
161,14299,3.0
161,0000120222,3.0
161,0000128587,4.0
161,04072,8.0
161,07166,8.0
161,08577,4.0
161,12595,3.0
161,00403,4.0
161,08654,8.0
161,12356,8.0
161,0000121858,3.0
161,00585,4.0
161,09788,3.0
161,0000125136,8.0
161,0000128899,3.0
161,0000132858,8.0
161,12077,5.0
161,12079,4.0
161,0000106054,3.0
161,0000130459,3.0
161,0000139401,4.0
161,04889,3.0
161,09809,4.0
161,0000129010,3.0
161,0000135394,5.0
161,07550,4.0
161,13745,7.0
161,0000106087,3.0
161,0000113914,4.0
161,0000129920,6.0
161,0000132254,8.0
161,0000138467,3.0
161,07162,3.0
161,12482,3.0
161,0000122033,4.0
161,0000122791,3.0
161,0000135904,3.0
161,0000138379,3.0
161,04663,8.0
161,13389,4.0
161,0000108961,8.0
161,0000123151,3.0
161,0000132426,6.0
161,04442,3.0
161,24376,4.0
161,0000101841,8.0
161,12619,6.0
161,16586,4.0
161,0000104048,3.0
161,0000123981,8.0
161,08878,8.0
161,12907,4.0
161,13134,4.0
161,0000119583,4.0
161,0000121674,6.0
161,0000124296,4.0
161,0000125272,3.0
161,0000135654,3.0
161,12287,3.0
161,0000128616,4.0
161,0000132400,3.0
161,0000135913,7.0
161,04376,7.0
161,07291,3.0
161,0000113045,8.0
161,09714,3.0
161,0000101899,5.0
161,0000108033,4.0
161,08488,4.0
161,12217,4.0
161,0000119325,5.0
161,0000126525,7.0
161,0000131736,6.0
161,00092,6.0
161,05430,3.0
161,12505,3.0
161,13598,5.0
161,0000105160,4.0
161,0000115970,5.0
161,0000120669,3.0
161,0000103636,3.0
161,0000114468,8.0
161,0000121032,3.0
161,22395,3.0
161,0000106336,3.0
161,0000127254,3.0
161,0000130785,3.0
161,0000140781,3.0
161,13660,5.0
161,13936,3.0
161,0000131168,3.0
161,0000135573,4.0
161,02329,3.0
161,0000104220,3.0
161,0000116826,3.0
161,0000133139,5.0
161,0000137294,4.0
161,05648,4.0
161,0000121781,3.0
161,0000122860,6.0
161,0000124082,4.0
161,0000126507,3.0
161,0000128423,4.0
161,09380,3.0
161,12991,3.0
161,14561,3.0
161,0000111557,8.0
161,12385,4.0
161,0000103777,3.0
161,0000108390,3.0
161,0000124083,3.0
161,05134,3.0
161,08541,8.0
161,13502,4.0
161,0000109147,3.0
161,0000123121,8.0
161,0000129053,4.0
161,02344,5.0
161,04470,5.0
161,07407,3.0
161,08745,6.0
161,12432,6.0
161,0000124987,8.0
161,0000133291,8.0
161,0000125020,4.0
161,05417,5.0
161,06306,4.0
161,08149,8.0
161,12609,4.0
161,0000108751,4.0
161,0000126356,4.0
161,0000127076,7.0
161,04985,3.0
161,17610,3.0
161,0000118716,5.0
161,0000135246,4.0
161,04181,4.0
161,05666,8.0
161,17461,8.0
161,0000122762,8.0
161,07134,4.0
161,12279,3.0
161,0000132870,3.0
161,02007,3.0
161,08604,6.0
161,08643,8.0
161,0000103871,8.0
161,0000123563,4.0
161,01989,7.0
161,07971,4.0
161,09713,4.0
161,0000109557,3.0
161,02233,6.0
161,04471,8.0
161,13350,3.0
161,0000134464,4.0
161,0000140830,4.0
161,07160,3.0
161,19651,3.0
161,0000102469,3.0
161,0000122981,7.0
161,0000141752,3.0
161,06246,3.0
161,0000100304,5.0
161,0000119133,4.0
161,0000119996,8.0
161,0000130158,8.0
161,0000112182,8.0
161,0000115415,5.0
161,0000141277,3.0
161,07958,3.0
161,0000126647,6.0
161,0000140267,4.0
161,07890,3.0
161,10188,3.0
161,12458,3.0
161,12502,6.0
161,0000131824,5.0
161,0000134289,3.0
161,08673,7.0
161,08893,4.0
161,09916,3.0
161,16603,6.0
161,28870,3.0
161,0000122434,8.0
161,05665,6.0
161,07563,3.0
161,0000104112,3.0
161,0000126615,3.0
161,12265,3.0
161,0000116689,4.0
161,0000127194,3.0
161,0000135416,3.0
161,0000135520,5.0
161,01574,3.0
161,02346,8.0
161,05304,4.0
161,07391,4.0
161,13122,4.0
161,15514,3.0
161,0000105975,4.0
161,0000114086,4.0
161,0000117998,3.0
161,0000119134,7.0
161,12927,3.0
161,13557,5.0
161,0000115995,5.0
161,0000133563,4.0
161,0000134939,3.0
161,0000132116,4.0
161,0000134875,3.0
161,0000142148,3.0
161,09198,4.0
161,0000116983,4.0
161,0000121649,5.0
161,0000130701,3.0
161,0000134824,3.0
161,09466,4.0
161,09058,8.0
161,0000137630,4.0
161,04415,3.0
161,05047,3.0
161,0000118304,4.0
161,0000129054,5.0
161,0000134998,3.0
161,0000138516,4.0
161,0000119993,3.0
161,0000123547,3.0
161,0000136276,3.0
161,00975,3.0
161,05722,3.0
161,12172,3.0
161,04831,4.0
161,05032,7.0
161,0000128716,8.0
161,02256,3.0
161,16664,4.0
161,0000121776,3.0
161,06734,3.0
161,12594,3.0
161,0000133080,4.0
161,0000134848,6.0
161,04018,8.0
161,04372,3.0
161,07970,7.0
161,0000130457,4.0
161,0000134362,4.0
161,0000135413,3.0
161,01881,4.0
161,0000106107,3.0
161,0000131735,3.0
161,0000136041,4.0
161,00763,3.0
161,04064,4.0
161,12871,3.0
161,0000125443,7.0
161,12573,8.0
161,0000110234,3.0
161,0000131737,6.0
161,10238,3.0
161,02102,7.0
161,07170,4.0
161,0000116830,5.0
161,0000128127,5.0
161,0000132994,3.0
161,05879,4.0
161,0000106119,8.0
161,0000120317,3.0
161,0000135290,3.0
161,06218,7.0
161,06878,4.0
161,12134,6.0
161,0000103578,3.0
161,0000135040,3.0
161,01201,4.0
161,12302,4.0
161,14710,3.0
161,0000104681,3.0
161,0000128080,3.0
161,0000128397,6.0
161,00020,3.0
161,07164,4.0
161,09082,6.0
161,10376,4.0
161,0000133173,7.0
161,0000133459,3.0
161,0000137448,3.0
161,07434,7.0
161,0000134153,3.0
161,08890,3.0
161,0000130107,3.0
161,01880,4.0
161,06697,3.0
161,0000103755,4.0
161,0000128614,3.0
161,0000129934,3.0
161,0000132922,5.0
161,12003,4.0
161,0000100039,3.0
161,0000134844,3.0
161,00091,3.0
161,01763,8.0
161,07987,4.0
161,12362,8.0
161,0000107769,7.0
161,10304,3.0
161,19193,4.0
161,28588,6.0
161,0000122641,3.0
161,01323,3.0
161,12173,4.0
161,10476,3.0
161,10894,5.0
161,0000101842,8.0
161,0000121845,4.0
161,0000127023,3.0
161,00294,3.0
161,08235,8.0
161,17615,3.0
161,0000100334,4.0
161,0000100789,4.0
161,05402,4.0
161,13835,3.0
161,0000119205,5.0
161,0000124229,8.0
161,0000135574,8.0
161,0000136285,3.0
161,02341,8.0
161,10397,4.0
161,12241,4.0
161,0000122759,3.0
161,0000137336,3.0
161,06143,7.0
161,08618,3.0
161,0000113037,4.0
161,0000122042,3.0
161,0000129873,5.0
161,01967,5.0
161,04163,5.0
161,05393,3.0
161,0000128194,3.0
161,0000130684,3.0
161,0000135045,3.0
161,05667,7.0
161,0000123564,4.0
161,00424,8.0
161,0000109537,3.0
161,0000121087,3.0
161,0000131653,3.0
161,0000132589,3.0
161,0000136643,3.0
161,09618,4.0
161,10245,3.0
161,0000105522,4.0
161,0000117416,4.0
161,0000128898,3.0
161,0000132425,3.0
161,07400,3.0
161,0000129938,3.0
161,0000133822,6.0
161,04714,3.0
161,06852,4.0
161,08498,3.0
161,0000103897,4.0
161,0000111896,4.0
161,0000128611,3.0
161,0000131905,5.0
161,0000135311,4.0
161,0000103901,3.0
161,0000119923,7.0
161,0000123278,3.0
161,0000133289,7.0
161,05411,3.0
161,12484,4.0
161,13269,3.0
161,13458,3.0
161,0000116379,8.0
161,04544,3.0
161,0000129919,4.0
161,12107,3.0
161,0000101699,8.0
161,0000122007,3.0
161,0000125186,3.0
161,0000128807,3.0
161,0000136694,4.0
161,08877,7.0
161,16723,4.0
161,0000130075,8.0
161,0000134197,3.0
161,0000135521,8.0
161,01549,3.0
161,0000120025,4.0
161,0000127097,4.0
161,0000104545,6.0
161,13435,8.0
161,19158,3.0
161,0000113915,8.0
161,0000119964,3.0
161,0000133030,6.0
161,09878,3.0
161,12805,3.0
161,02201,4.0
161,07189,6.0
161,0000114072,3.0
161,0000122742,4.0
161,0000123045,3.0
161,0000126916,3.0
161,0000128730,3.0
161,10377,3.0
161,12437,3.0
161,19705,3.0
161,0000100787,3.0
161,0000102043,4.0
161,08550,4.0
161,0000122047,3.0
161,0000122979,3.0
161,0000122096,5.0
161,04499,8.0
161,08575,4.0
161,10749,4.0
161,0000115182,4.0
161,02347,4.0
161,04688,8.0
161,09072,5.0
161,11337,4.0
161,0000128948,3.0
161,0000129864,4.0
161,0000130711,3.0
161,08642,3.0
161,0000103579,4.0
161,0000121679,4.0
161,0000133052,4.0
161,0000136768,3.0
161,13822,4.0
161,0000113440,3.0
161,0000127010,8.0
161,0000128470,6.0
161,0000132427,5.0
161,06678,5.0
161,0000136646,3.0
161,0000134592,3.0
161,00589,8.0
161,07235,4.0
161,0000134672,3.0
161,0000103754,5.0
161,0000110263,4.0
161,0000128406,4.0
161,05645,3.0
161,06698,4.0
161,08517,8.0
161,12131,3.0
161,14775,3.0
161,30089,3.0
161,0000101967,3.0
161,00407,4.0
161,06779,3.0
161,0000126793,4.0
161,0000128722,3.0
161,0000100079,3.0
161,0000137411,5.0
161,07951,3.0
161,13704,4.0
161,13894,3.0
161,0000104966,3.0
161,0000110878,5.0
161,0000115411,3.0
161,13705,4.0
161,0000104204,6.0
161,0000123823,7.0
161,08623,6.0
161,11975,5.0
161,0000100382,3.0
161,0000121834,3.0
161,01720,8.0
161,0000118506,3.0
161,0000120655,3.0
161,0000130656,8.0
161,0000130665,3.0
161,01256,4.0
161,01307,3.0
161,12132,8.0
161,0000120453,6.0
161,0000135414,8.0
161,01718,4.0
161,05366,3.0
161,08720,7.0
161,0000132913,16.0
161,02308,16.0
161,0000111555,16.0
161,10436,21.0
161,0000128710,16.0
161,0000122765,21.0
161,0000134648,17.0
161,05878,20.0
161,0000113128,16.0
161,0000130762,20.0
161,02211,21.0
161,0000132255,16.0
161,07289,28.0
161,13373,28.0
161,0000125113,16.0
161,07579,16.0
161,08009,24.0
161,14228,16.0
161,0000136374,26.0
161,05127,18.0
161,0000101880,18.0
161,0000130141,28.0
161,0000106088,28.0
161,05658,18.0
161,09992,19.0
161,08549,19.0
161,05128,23.0
161,0000104546,16.0
161,10173,16.0
161,0000131609,28.0
161,0000125103,16.0
212,0000112662,14.0
212,05878,21.0
212,0000116833,23.0
212,0000133291,14.0
212,06231,15.0
212,0000126527,16.0
212,0000132426,14.0
212,0000111555,26.0
212,0000127096,21.0
212,0000120648,17.0
212,02346,14.0
212,0000123981,14.0
212,0000125103,14.0
212,0000128787,14.0
212,0000101842,18.0
212,13373,27.0
212,0000122765,15.0
212,0000125444,14.0
212,0000130762,27.0
212,02211,16.0
212,0000128716,15.0
212,0000135011,14.0
212,10863,14.0
212,0000127010,18.0
212,0000113128,27.0
212,14228,17.0
212,05658,14.0
212,08009,24.0
212,07289,26.0
212,0000125443,15.0
212,0000116832,14.0
212,12057,14.0
212,0000127097,14.0
212,0000101880,26.0
212,0000118344,1.0
212,0000103579,1.0
212,06190,1.0
212,01552,1.0
212,0000105512,1.0
212,06733,1.0
212,0000119134,5.0
212,0000118716,5.0
212,00424,5.0
212,04688,5.0
212,07579,5.0
212,02308,5.0
212,04663,5.0
212,0000122885,5.0
212,0000120649,5.0
212,0000127098,5.0
212,0000106119,5.0
212,07434,5.0
212,0000116830,5.0
212,24218,5.0
212,0000124082,5.0
212,0000132427,5.0
212,0000125113,5.0
212,0000135521,5.0
212,0000131905,5.0
212,0000130141,5.0
212,0000121312,5.0
212,12996,5.0
212,0000126749,5.0
212,0000136196,5.0
212,0000130656,5.0
212,0000135482,5.0
212,0000101699,5.0
212,10173,5.0
212,09072,5.0
212,0000132588,5.0
212,05257,5.0
212,0000136793,5.0
212,0000132254,5.0
212,0000133080,5.0
212,0000116827,5.0
212,12356,5.0
212,13833,5.0
212,08654,5.0
212,0000101841,5.0
212,0000119996,5.0
212,00092,5.0
212,0000134848,5.0
212,0000126793,5.0
212,08549,5.0
212,12384,5.0
212,13435,5.0
212,0000127006,5.0
212,16636,5.0
212,0000133597,5.0
212,08541,5.0
212,0000130158,5.0
212,04498,5.0
212,29378,5.0
212,05968,5.0
212,00659,5.0
212,04018,5.0
212,09082,5.0
212,0000116379,5.0
212,06086,5.0
212,04072,5.0
212,16603,5.0
212,0000134648,5.0
212,0000128616,5.0
212,0000102068,5.0
212,0000124308,5.0
212,00070,5.0
212,0000108961,5.0
212,09137,5.0
212,0000119273,5.0
212,13660,5.0
212,09074,5.0
212,0000133335,5.0
212,01989,5.0
212,05411,5.0
212,0000129532,5.0
212,09073,5.0
212,06697,5.0
212,05666,5.0
212,09381,5.0
212,0000124928,5.0
212,09920,5.0
212,0000135913,5.0
212,0000133052,5.0
212,0000127076,5.0
212,10436,5.0
212,00276,5.0
212,07134,5.0
212,10862,5.0
212,01530,5.0
212,02233,5.0
212,0000134650,5.0
212,08476,5.0
212,06078,5.0
212,24140,5.0
212,07166,5.0
212,08235,5.0
212,0000131554,5.0
212,04471,5.0
212,0000104292,5.0
212,0000119926,5.0
212,0000132428,5.0
212,0000128710,5.0
212,02344,5.0
212,12132,5.0
212,0000103871,5.0
212,0000119133,5.0
212,0000129920,5.0
212,05667,5.0
212,0000112182,5.0
212,15073,5.0
212,0000123121,5.0
212,0000132255,5.0
212,19193,5.0
212,04791,5.0
212,0000126356,5.0
212,09466,5.0
212,0000101950,5.0
212,0000133488,5.0
212,00585,5.0
212,08517,5.0
212,12432,5.0
212,0000122762,5.0
212,0000140830,5.0
212,0000136643,5.0
212,0000125148,5.0
212,0000135182,5.0
212,00589,5.0
212,05951,5.0
212,0000103622,5.0
212,0000104546,5.0
212,0000122981,5.0
212,0000130711,5.0
212,0000126647,5.0
212,0000134939,5.0
212,0000113037,5.0
212,0000102633,5.0
212,0000114468,5.0
212,0000133139,5.0
212,08673,5.0
212,0000128143,5.0
212,12134,5.0
212,06143,5.0
212,10305,5.0
212,0000113045,5.0
212,01204,5.0
212,06278,5.0
212,0000132425,5.0
212,00694,5.0
212,13894,5.0
212,0000135395,5.0
212,08663,5.0
212,0000122508,5.0
212,24488,5.0
212,0000113461,5.0
212,01763,5.0
212,12077,5.0
212,0000105160,5.0
212,0000121674,5.0
212,0000105072,5.0
212,01131,5.0
212,05032,5.0
212,0000116213,5.0
212,0000116826,5.0
212,0000137336,5.0
212,0000133635,5.0
212,0000105975,5.0
212,07391,5.0
212,0000130159,5.0
212,04203,5.0
212,12136,5.0
212,0000132589,5.0
212,0000124986,5.0
212,10894,5.0
212,07189,5.0
212,0000132994,5.0
212,11337,5.0
212,13389,5.0
212,0000110868,5.0
212,0000107769,5.0
212,0000123547,5.0
212,19691,5.0
212,13502,5.0
212,11975,5.0
212,0000111554,5.0
212,0000134197,5.0
212,0000104545,5.0
212,12324,5.0
212,13737,5.0
212,04499,5.0
212,04665,5.0
212,0000132359,5.0
212,0000116829,5.0
212,0000133277,5.0
212,0000123988,5.0
212,20144,5.0
212,0000120527,5.0
212,0000135404,5.0
212,0000132858,5.0
212,0000134649,5.0
212,0000120453,5.0
212,04572,5.0
212,0000130456,5.0
212,08575,5.0
212,0000101913,5.0
212,0000123278,5.0
212,0000131139,5.0
212,00072,5.0
212,29666,5.0
212,08890,5.0
212,04418,5.0
212,05417,5.0
212,05256,5.0
212,0000106237,5.0
212,0000126507,5.0
212,0000133030,5.0
212,12927,5.0
212,0000106087,5.0
212,12799,5.0
212,0000107939,5.0
212,12294,5.0
212,0000130974,5.0
212,07009,5.0
212,0000119993,5.0
212,07951,5.0
212,0000128909,5.0
212,12385,5.0
212,0000129873,5.0
212,10239,5.0
212,0000123558,5.0
212,10860,5.0
212,0000131416,5.0
212,02341,5.0
212,0000131824,5.0
212,0000122742,5.0
212,05751,5.0
212,08643,5.0
212,12003,5.0
212,0000108033,5.0
212,01201,5.0
212,05531,5.0
212,0000137784,5.0
212,12218,5.0
212,0000110878,5.0
212,0000128954,5.0
212,0000128946,5.0
212,10749,5.0
212,0000133289,5.0
212,0000126340,5.0
212,13557,5.0
212,0000132840,5.0
212,12471,5.0
212,0000125136,5.0
212,09713,5.0
212,0000124947,5.0
212,12399,5.0
212,0000135574,5.0
212,0000102552,5.0
212,0000124083,5.0
212,10766,5.0
212,0000117152,5.0
212,08878,5.0
212,0000103923,5.0
212,0000112711,5.0
212,08745,5.0
212,01881,5.0
212,0000122527,5.0
212,08488,5.0
212,0000113915,5.0
212,0000105569,5.0
212,13860,5.0
212,0000128614,5.0
212,0000133929,5.0
212,05380,5.0
212,12079,4.0
212,05402,4.0
212,0000110263,4.0
212,00571,4.0
212,0000103703,4.0
212,0000121652,4.0
212,0000116301,4.0
212,0000139607,4.0
212,0000130457,4.0
212,01720,4.0
212,16586,4.0
212,0000132541,4.0
212,0000121649,4.0
212,0000138222,4.0
212,0000128897,4.0
212,09809,4.0
212,12397,4.0
212,12502,4.0
212,0000105481,4.0
212,13745,4.0
212,0000133360,4.0
212,0000130646,4.0
212,04181,4.0
212,01877,4.0
212,0000133173,4.0
212,09992,4.0
212,0000109080,4.0
212,17662,4.0
212,0000118304,4.0
212,0000139401,4.0
212,0000136656,4.0
212,0000136611,4.0
212,0000108301,4.0
212,0000128032,4.0
212,09058,4.0
212,0000113462,4.0
212,02347,4.0
212,09618,4.0
212,05879,4.0
212,10397,4.0
212,09585,4.0
212,04544,4.0
212,0000135940,4.0
212,0000133822,4.0
212,09256,4.0
212,0000102469,4.0
212,08895,4.0
212,06218,4.0
212,0000122096,4.0
212,0000100039,4.0
212,0000114048,4.0
212,0000119271,4.0
212,05134,4.0
212,0000129951,4.0
212,0000122184,4.0
212,08407,4.0
212,0000109085,4.0
212,0000127190,4.0
212,0000128146,4.0
212,0000128948,4.0
212,0000132609,4.0
212,0000135372,4.0
212,0000134362,4.0
212,0000137411,4.0
212,0000136714,4.0
212,0000134998,4.0
212,0000106107,4.0
212,07170,4.0
212,0000101887,4.0
212,0000107766,4.0
212,05259,4.0
212,0000136412,4.0
212,0000132123,4.0
212,0000135664,4.0
212,04083,4.0
212,0000111565,4.0
212,07161,4.0
212,08877,4.0
212,07970,4.0
212,07355,4.0
212,12585,4.0
212,12217,4.0
212,20109,4.0
212,09788,4.0
212,04082,4.0
212,0000129495,4.0
212,0000105568,4.0
212,08546,4.0
212,0000115182,4.0
212,05430,4.0
212,0000129938,4.0
212,05173,4.0
212,05381,4.0
212,17461,4.0
212,0000135522,4.0
212,01784,4.0
212,11245,4.0
212,07243,4.0
212,0000135990,4.0
212,06878,4.0
212,0000121679,4.0
212,08583,4.0
212,02102,4.0
212,17861,4.0
212,0000116212,4.0
212,0000128406,4.0
212,0000109169,4.0
212,0000132253,4.0
212,04831,4.0
212,0000115392,4.0
212,13863,4.0
212,22972,4.0
212,0000136376,4.0
212,0000133889,4.0
212,0000117416,4.0
212,00431,4.0
212,0000120528,4.0
212,0000134276,4.0
212,0000109537,4.0
212,0000130138,4.0
212,0000101820,4.0
212,0000104219,4.0
212,02170,4.0
212,0000133686,4.0
212,09257,4.0
212,0000123151,4.0
212,0000130407,4.0
212,09054,4.0
212,00403,4.0
212,0000109536,4.0
212,0000135984,4.0
212,0000100693,4.0
212,0000137586,4.0
212,09404,4.0
212,12408,4.0
212,09198,4.0
212,0000128947,4.0
212,05916,4.0
212,19651,4.0
212,0000134289,4.0
212,0000121323,4.0
212,06422,4.0
212,0000130576,4.0
212,04889,4.0
212,0000128470,4.0
212,0000135241,4.0
212,15212,4.0
212,0000135520,4.0
212,0000138467,4.0
212,0000137832,4.0
212,12871,4.0
212,13134,4.0
212,0000120317,4.0
212,12907,4.0
212,29398,4.0
212,0000109077,4.0
212,0000133804,4.0
212,10245,4.0
212,05393,4.0
212,24482,4.0
212,0000114072,4.0
212,0000134464,4.0
212,06698,4.0
212,11976,4.0
212,0000133386,4.0
212,0000132974,4.0
212,11108,4.0
212,0000129816,4.0
212,01543,4.0
212,13458,4.0
212,0000128194,4.0
212,0000136377,4.0
212,0000129277,4.0
212,0000132281,4.0
212,0000103827,4.0
212,20373,4.0
212,0000135394,4.0
212,13936,4.0
212,0000137776,4.0
212,0000120989,4.0
212,0000131653,4.0
212,05665,4.0
212,0000114085,4.0
212,0000128423,4.0
212,09123,4.0
212,04163,4.0
212,01424,4.0
212,01773,4.0
212,0000120688,4.0
212,0000135816,4.0
212,0000122033,4.0
212,08876,4.0
212,0000119485,4.0
212,07563,4.0
212,07136,4.0
212,0000132950,4.0
212,0000136716,4.0
212,0000130460,4.0
212,05020,4.0
212,0000123823,4.0
212,0000105275,4.0
212,05975,4.0
212,0000128108,4.0
212,0000128730,4.0
212,0000136042,4.0
212,0000130665,4.0
212,09910,4.0
212,0000128397,4.0
212,0000120222,4.0
212,0000119841,4.0
212,0000106653,4.0
212,0000137305,4.0
212,0000128066,4.0
212,0000124296,4.0
212,0000114635,4.0
212,0000135989,4.0
212,0000134195,4.0
212,0000134824,4.0
212,0000125186,4.0
212,07436,4.0
212,0000118506,4.0
212,05645,4.0
212,0000115672,4.0
212,0000128142,4.0
212,0000119583,4.0
212,0000116466,4.0
212,04244,4.0
212,0000129376,4.0
212,06678,4.0
212,0000132645,4.0
212,13843,4.0
212,0000135246,4.0
212,02169,4.0
212,0000133931,4.0
212,0000135904,4.0
212,05826,4.0
212,10304,4.0
212,0000134875,4.0
212,10378,4.0
212,12595,4.0
212,08267,4.0
212,0000121192,4.0
212,12131,4.0
212,0000102515,4.0
212,0000120025,4.0
212,0000109324,4.0
212,0000130461,4.0
212,0000134198,4.0
212,00285,4.0
212,0000116689,4.0
212,0000124078,4.0
212,01574,4.0
212,0000103925,4.0
212,0000140851,4.0
212,0000106115,4.0
212,0000109557,4.0
212,0000123101,4.0
212,0000131595,4.0
212,0000111896,4.0
212,0000134592,4.0
212,0000105798,4.0
212,0000108702,4.0
212,0000123045,4.0
212,06852,4.0
212,0000130663,4.0
212,0000105788,4.0
212,28588,4.0
212,0000106794,4.0
212,05399,4.0
212,12287,4.0
212,0000103901,4.0
212,0000137889,4.0
212,0000122947,4.0
212,0000120514,4.0
212,0000136277,4.0
212,07164,4.0
212,0000137294,4.0
212,0000129644,4.0
212,04520,4.0
212,05722,4.0
212,0000104204,4.0
212,01967,4.0
212,09984,4.0
212,0000128912,4.0
212,0000121858,4.0
212,24141,4.0
212,0000124614,4.0
212,05290,4.0
212,13002,4.0
212,0000128613,4.0
212,00944,4.0
212,0000104220,4.0
212,0000119204,4.0
212,04378,4.0
212,0000130649,4.0
212,0000140952,4.0
212,12337,4.0
212,0000123280,4.0
212,0000136473,4.0
212,09823,4.0
212,0000121485,4.0
212,08550,4.0
212,0000121250,4.0
212,0000131184,4.0
212,0000136619,3.0
212,0000124206,3.0
212,0000135201,3.0
212,0000124966,3.0
212,0000136375,3.0
212,0000132112,3.0
212,0000133140,3.0
212,06779,3.0
212,01109,3.0
212,0000126525,3.0
212,0000123522,3.0
212,12619,3.0
212,12313,3.0
212,0000101899,3.0
212,0000139330,3.0
212,0000103754,3.0
212,0000127233,3.0
212,0000119964,3.0
212,0000128226,3.0
212,0000112875,3.0
212,0000140823,3.0
212,0000109182,3.0
212,0000105274,3.0
212,0000137412,3.0
212,0000125085,3.0
212,0000128228,3.0
212,0000135572,3.0
212,22885,3.0
212,08147,3.0
212,05127,3.0
212,0000129919,3.0
212,09968,3.0
212,0000137364,3.0
212,05648,3.0
212,0000123014,3.0
212,0000111557,3.0
212,09714,3.0
212,0000124092,3.0
212,0000130701,3.0
212,0000102539,3.0
212,01256,3.0
212,06389,3.0
212,0000134448,3.0
212,0000123990,3.0
212,02033,3.0
212,0000115970,3.0
212,0000119900,3.0
212,0000133067,3.0
212,07448,3.0
212,01336,3.0
212,0000128080,3.0
212,0000132111,3.0
212,08893,3.0
212,0000126756,3.0
212,08218,3.0
212,0000103897,3.0
212,0000109078,3.0
212,07363,3.0
212,0000117019,3.0
212,0000139258,3.0
212,0000133064,3.0
212,0000130675,3.0
212,0000128611,3.0
212,04107,3.0
212,0000115289,3.0
212,0000134935,3.0
212,09383,3.0
212,0000135242,3.0
212,0000133069,3.0
212,0000106051,3.0
212,04104,3.0
212,0000141905,3.0
212,0000128610,3.0
212,0000109548,3.0
212,08149,3.0
212,0000112009,3.0
212,0000135240,3.0
212,0000114469,3.0
212,04419,3.0
212,0000134807,3.0
212,0000120655,3.0
212,13457,3.0
212,0000138516,3.0
212,0000128729,3.0
212,0000137006,3.0
212,12658,3.0
212,12700,3.0
212,0000130373,3.0
212,0000120669,3.0
212,0000132968,3.0
212,0000134826,3.0
212,08642,3.0
212,0000125137,3.0
212,0000125020,3.0
212,0000118974,3.0
212,0000129909,3.0
212,0000115838,3.0
212,05234,3.0
212,0000136372,3.0
212,04098,3.0
212,0000105573,3.0
212,0000133461,3.0
212,0000128245,3.0
212,0000106053,3.0
212,0000132721,3.0
212,0000126615,3.0
212,0000121822,3.0
212,13694,3.0
212,0000137046,3.0
212,0000132346,3.0
212,0000134786,3.0
212,0000135687,3.0
212,0000135654,3.0
212,07043,3.0
212,0000134672,3.0
212,0000117721,3.0
212,08982,3.0
212,05719,3.0
212,0000123013,3.0
212,24335,3.0
212,0000136041,3.0
212,0000114087,3.0
212,07162,3.0
212,0000118629,3.0
212,17859,3.0
212,0000135290,3.0
212,0000124229,3.0
212,10425,3.0
212,0000118423,3.0
212,0000133356,3.0
212,0000101872,3.0
212,02201,3.0
212,0000128081,3.0
212,0000104099,3.0
212,0000119325,3.0
212,0000109099,3.0
212,16637,3.0
212,07018,3.0
212,0000103872,3.0
212,0000119798,3.0
212,12985,3.0
212,0000113498,3.0
212,0000128195,3.0
212,0000115995,3.0
212,15108,3.0
212,0000134356,3.0
212,0000113439,3.0
212,0000136381,3.0
212,0000134153,3.0
212,0000118003,3.0
212,0000131609,3.0
212,0000136285,3.0
212,0000113914,3.0
212,0000122979,3.0
212,12150,3.0
212,0000134845,3.0
212,0000103696,3.0
212,0000109443,3.0
212,07235,3.0
212,16664,3.0
212,0000136374,3.0
212,0000140829,3.0
212,0000109081,3.0
212,0000129597,3.0
212,09391,3.0
212,0000135183,3.0
212,15141,3.0
212,0000139509,3.0
212,20364,3.0
212,0000121834,3.0
212,0000124238,3.0
212,0000138379,3.0
212,19803,3.0
212,0000123551,3.0
212,0000101993,3.0
212,0000101386,3.0
212,0000122641,3.0
212,13350,3.0
212,0000123564,3.0
212,06234,3.0
212,05668,3.0
212,08619,3.0
212,28870,3.0
212,0000132116,3.0
212,0000139626,3.0
212,0000123692,3.0
212,09852,3.0
212,0000123090,3.0
212,12322,3.0
212,0000140268,3.0
212,0000139246,3.0
212,0000129617,3.0
212,01709,3.0
212,0000119923,3.0
212,09971,3.0
212,09921,3.0
212,24579,3.0
212,0000130785,3.0
212,0000130684,3.0
212,0000118388,3.0
212,10734,3.0
212,0000135774,3.0
212,0000142309,3.0
212,0000134825,3.0
212,06984,3.0
212,12193,3.0
212,09558,3.0
212,0000126916,3.0
212,22234,3.0
212,0000141026,3.0
212,0000130455,3.0
212,05366,3.0
212,12513,3.0
212,0000135483,3.0
212,13835,3.0
212,0000116920,3.0
212,0000136918,3.0
212,0000124033,3.0
212,0000102043,3.0
212,0000124691,3.0
212,04376,3.0
212,00294,3.0
212,0000138086,3.0
212,06005,3.0
212,0000120657,3.0
212,12457,3.0
212,05304,3.0
212,08095,3.0
212,0000124987,3.0
212,0000119440,3.0
212,0000118168,3.0
212,07973,3.0
212,0000127254,3.0
212,0000104649,3.0
212,23294,3.0
212,0000137310,3.0
212,0000136384,3.0
212,05047,3.0
212,0000138031,3.0
212,10260,3.0
212,0000100788,3.0
212,0000135045,3.0
212,0000131553,3.0
212,0000130133,3.0
212,08623,3.0
212,0000130577,3.0
212,0000140267,3.0
212,0000107359,3.0
212,12505,3.0
212,00698,3.0
212,0000136758,3.0
212,05232,3.0
212,0000124513,3.0
212,0000132951,3.0
212,0000125223,3.0
212,0000130728,3.0
212,12398,3.0
212,0000114214,3.0
212,0000130507,3.0
212,00596,3.0
212,0000127395,3.0
212,13503,3.0
212,0000124506,3.0
212,0000125135,3.0
212,0000131910,3.0
212,04786,3.0
212,08577,3.0
212,0000136748,3.0
212,0000135573,3.0
212,0000117424,3.0
212,0000129933,3.0
212,05052,3.0
212,0000138474,3.0
212,07292,3.0
212,0000121845,3.0
212,0000116860,3.0
212,0000122938,3.0
212,0000122182,3.0
212,12291,3.0
212,0000134300,3.0
212,0000136458,3.0
212,0000133068,3.0
212,0000134196,3.0
212,04985,3.0
212,0000122983,3.0
212,06270,3.0
212,0000114020,3.0
212,05793,3.0
212,0000120016,3.0
212,12697,3.0
212,0000136335,3.0
212,13857,3.0
212,0000115285,3.0
212,0000121650,3.0
212,0000100787,3.0
212,23534,3.0
212,02148,3.0
212,10981,3.0
212,0000137988,3.0
212,0000134493,3.0
212,14299,3.0
212,0000132360,3.0
212,0000126608,3.0
212,05787,3.0
212,0000119597,3.0
212,00407,3.0
212,07987,3.0
212,22198,3.0
212,0000122042,3.0
212,13575,3.0
212,0000130850,3.0
212,01719,3.0
212,0000124374,3.0
212,0000119882,3.0
212,08955,3.0
212,0000134285,3.0
212,0000128587,3.0
212,19254,3.0
212,07291,3.0
212,0000114086,3.0
212,05019,3.0
212,0000111116,3.0
212,0000125270,3.0
212,0000123962,3.0
212,08715,3.0
212,04202,3.0
212,0000119797,3.0
212,0000136413,3.0
212,0000106054,3.0
212,0000135751,3.0
212,0000104200,3.0
212,0000136772,3.0
212,12573,3.0
212,08778,3.0
212,0000112272,3.0
212,14527,3.0
212,0000126534,3.0
212,0000133930,3.0
212,0000125084,3.0
212,00942,3.0
212,0000135525,3.0
212,0000123827,3.0
212,12569,3.0
212,11109,3.0
212,0000133554,3.0
212,05391,3.0
212,0000104912,3.0
212,15497,3.0
212,0000115411,3.0
212,0000141899,3.0
212,09380,3.0
212,0000135361,3.0
212,0000104163,3.0
212,0000109079,3.0
212,0000111969,3.0
212,0000137775,3.0
212,07055,3.0
212,23314,3.0
212,0000137172,3.0
212,13581,3.0
212,0000130454,3.0
212,12056,3.0
212,02345,3.0
212,0000128030,3.0
212,0000139328,3.0
212,0000109147,3.0
212,08725,3.0
212,10183,3.0
212,0000107283,3.0
212,0000110094,3.0
212,0000141537,3.0
212,0000140982,3.0
212,0000136300,3.0
212,08223,3.0
212,0000119883,3.0
212,0000130655,3.0
212,0000132859,3.0
212,10303,3.0
212,15162,3.0
212,08682,3.0
212,0000107767,3.0
212,0000122759,3.0
212,14595,3.0
212,0000129175,3.0
212,12156,3.0
212,0000113671,3.0
212,0000111937,3.0
212,0000136592,3.0
212,07550,3.0
212,0000133563,3.0
212,0000128246,3.0
212,0000133330,3.0
212,09649,3.0
212,0000106052,3.0
212,0000134827,3.0
212,0000131022,3.0
212,0000105073,3.0
212,0000137550,3.0
212,0000123453,3.0
212,0000130406,3.0
212,13703,3.0
212,0000135146,3.0
212,0000108041,3.0
212,0000118449,3.0
212,12336,3.0
212,0000123001,3.0
212,0000131655,3.0
212,0000129976,3.0
212,13195,3.0
212,0000133459,3.0
212,0000123384,3.0
212,0000129531,3.0
212,0000125034,3.0
212,08959,3.0
212,0000119129,3.0
212,0000137372,3.0
212,04415,3.0
212,0000115286,3.0
212,22835,3.0
212,0000123694,3.0
212,13885,3.0
212,0000128722,3.0
212,12369,3.0
212,0000100304,3.0
212,0000121502,3.0
212,0000136984,3.0
212,0000121776,3.0
212,0000133805,3.0
212,0000118774,3.0
212,0000135469,3.0
212,0000137774,3.0
212,13448,3.0
212,0000111914,3.0
212,0000137452,3.0
212,0000137300,3.0
212,0000122791,3.0
212,13705,3.0
212,0000127280,3.0
212,09715,3.0
212,0000131168,3.0
212,0000130405,3.0
212,05154,3.0
212,0000122948,3.0
212,0000133642,3.0
212,0000105753,3.0
212,0000104698,3.0
212,0000134447,3.0
212,08622,3.0
212,0000134861,3.0
212,0000132822,3.0
212,20037,3.0
212,0000123022,3.0
212,05379,3.0
212,0000132870,3.0
212,0000101967,3.0
212,0000132805,3.0
212,05720,3.0
212,13121,3.0
212,0000131717,3.0
212,08746,3.0
212,0000111034,3.0
212,21254,3.0
212,15391,3.0
212,10312,3.0
212,05238,3.0
212,09878,3.0
212,0000134893,3.0
212,0000106603,3.0
212,0000129454,3.0
212,0000106749,3.0
212,14082,3.0
212,06147,3.0
212,19381,3.0
212,13938,3.0
212,0000105755,3.0
212,04097,3.0
212,0000135405,3.0
212,20036,3.0
212,00598,3.0
212,0000137416,3.0
212,0000130088,3.0
212,08513,3.0
212,0000111324,3.0
212,0000126618,3.0
212,0000131677,3.0
212,0000133555,3.0
212,0000131316,3.0
212,0000114873,3.0
212,0000129475,3.0
212,0000112712,3.0
212,0000128697,3.0
212,10188,3.0
212,0000134418,3.0
212,0000116993,3.0
212,0000103826,3.0
212,12172,3.0
212,06098,3.0
212,0000129081,3.0
212,0000127194,3.0
212,0000115444,3.0
212,0000129560,3.0
212,0000113863,3.0
212,0000105205,3.0
212,0000124520,3.0
212,0000117998,3.0
212,0000140931,3.0
212,10295,3.0
212,13162,3.0
212,01549,3.0
212,0000134400,3.0
212,0000122777,3.0
212,06162,3.0
212,01575,3.0
212,02256,3.0
212,0000114240,3.0
212,0000130157,3.0
212,13518,3.0
212,0000126607,3.0
212,01710,3.0
212,0000133418,3.0
212,12383,3.0
212,10475,3.0
212,13277,3.0
212,0000118918,3.0
212,0000106481,3.0
212,0000128252,3.0
212,13598,3.0
212,01322,3.0
212,04720,3.0
212,0000127088,3.0
212,0000135260,3.0
212,0000136289,3.0
212,0000103578,3.0
212,0000141752,3.0
212,0000136395,3.0
212,08666,3.0
212,01880,3.0
212,01254,3.0
212,01202,3.0
212,0000140782,3.0
212,0000122185,3.0
212,10617,3.0
212,0000125289,3.0
212,09446,3.0
212,07958,3.0
212,00763,3.0
212,0000131002,3.0
212,0000134844,3.0
212,13648,3.0
212,0000136757,3.0
212,0000122642,3.0
212,0000122183,3.0
212,0000130107,3.0
212,0000128679,3.0
